Datetime,Water Level (m)
2025-04-17 18:00:00,-0.36281243
2025-04-17 19:00:00,-0.48448724
2025-04-17 20:00:00,-0.3877802
2025-04-17 21:00:00,-0.12589034
2025-04-17 22:00:00,0.12121582
2025-04-17 23:00:00,0.377784
2025-04-18 00:00:00,0.51642007
2025-04-18 01:00:00,0.486414
2025-04-18 02:00:00,0.2869763
2025-04-18 03:00:00,0.07837824
2025-04-18 04:00:00,-0.11346699
2025-04-18 05:00:00,-0.29992744
2025-04-18 06:00:00,-0.47245318
2025-04-18 07:00:00,-0.5838804
2025-04-18 08:00:00,-0.48491
2025-04-18 09:00:00,-0.1156585
2025-04-18 10:00:00,0.22740462
2025-04-18 11:00:00,0.58097434
2025-04-18 12:00:00,0.8118507
2025-04-18 13:00:00,0.88895667
2025-04-18 14:00:00,0.7182002
2025-04-18 15:00:00,0.45697716
2025-04-18 16:00:00,0.22422932
2025-04-18 17:00:00,0.019332372
2025-04-18 18:00:00,-0.18300645
2025-04-18 19:00:00,-0.3599462
2025-04-18 20:00:00,-0.45627502
2025-04-18 21:00:00,-0.35574675
2025-04-18 22:00:00,-0.08466779
2025-04-18 23:00:00,0.182411
2025-04-19 00:00:00,0.38702834
2025-04-19 01:00:00,0.4467919
2025-04-19 02:00:00,0.37576422
2025-04-19 03:00:00,0.18342891
2025-04-19 04:00:00,-0.007639701
2025-04-19 05:00:00,-0.18829039
2025-04-19 06:00:00,-0.35288748
2025-04-19 07:00:00,-0.48345476
2025-04-19 08:00:00,-0.55299056
2025-04-19 09:00:00,-0.34768754
2025-04-19 10:00:00,-0.042376537
2025-04-19 11:00:00,0.2818046
2025-04-19 12:00:00,0.5821212
2025-04-19 13:00:00,0.77799773
2025-04-19 14:00:00,0.7926348
2025-04-19 15:00:00,0.6088947
2025-04-19 16:00:00,0.37352893
2025-04-19 17:00:00,0.16379516
2025-04-19 18:00:00,-0.023319291
2025-04-19 19:00:00,-0.2045406
2025-04-19 20:00:00,-0.34948304
2025-04-19 21:00:00,-0.4266106
2025-04-19 22:00:00,-0.34635016
2025-04-19 23:00:00,-0.114785984
2025-04-20 00:00:00,0.1253685
2025-04-20 01:00:00,0.3278468
2025-04-20 02:00:00,0.40573445
2025-04-20 03:00:00,0.36965424
2025-04-20 04:00:00,0.2075846
2025-04-20 05:00:00,0.023741052
2025-04-20 06:00:00,-0.14811735
2025-04-20 07:00:00,-0.3012019
2025-04-20 08:00:00,-0.42240763
2025-04-20 09:00:00,-0.4574433
2025-04-20 10:00:00,-0.24853459
2025-04-20 11:00:00,-0.0017603824
2025-04-20 12:00:00,0.2802599
2025-04-20 13:00:00,0.5459168
2025-04-20 14:00:00,0.7405697
2025-04-20 15:00:00,0.7820397
2025-04-20 16:00:00,0.6513976
2025-04-20 17:00:00,0.4278086
2025-04-20 18:00:00,0.21718426
2025-04-20 19:00:00,0.03502338
2025-04-20 20:00:00,-0.13798372
2025-04-20 21:00:00,-0.29279104
2025-04-20 22:00:00,-0.3881202
2025-04-20 23:00:00,-0.37991413
2025-04-21 00:00:00,-0.20221248
2025-04-21 01:00:00,-0.0066871974
2025-04-21 02:00:00,0.20092955
2025-04-21 03:00:00,0.30717114
2025-04-21 04:00:00,0.32248437
2025-04-21 05:00:00,0.22238222
2025-04-21 06:00:00,0.06755533
2025-04-21 07:00:00,-0.08926199
2025-04-21 08:00:00,-0.22592737
2025-04-21 09:00:00,-0.33805528
2025-04-21 10:00:00,-0.38597977
2025-04-21 11:00:00,-0.28633898
2025-04-21 12:00:00,-0.07805944
2025-04-21 13:00:00,0.17140003
2025-04-21 14:00:00,0.44341093
2025-04-21 15:00:00,0.6702597
2025-04-21 16:00:00,0.78595096
2025-04-21 17:00:00,0.7271047
2025-04-21 18:00:00,0.5286504
2025-04-21 19:00:00,0.3139789
2025-04-21 20:00:00,0.12624991
2025-04-21 21:00:00,-0.052395124
2025-04-21 22:00:00,-0.22466561
2025-04-21 23:00:00,-0.34740445
2025-04-22 00:00:00,-0.40137747
2025-04-22 01:00:00,-0.2988142
2025-04-22 02:00:00,-0.07963469
2025-04-22 03:00:00,0.16830325
2025-04-22 04:00:00,0.35934687
2025-04-22 05:00:00,0.44359747
2025-04-22 06:00:00,0.42298177
2025-04-22 07:00:00,0.26711765
2025-04-22 08:00:00,0.08144321
2025-04-22 09:00:00,-0.07520874
2025-04-22 10:00:00,-0.21274915
2025-04-22 11:00:00,-0.3297625
2025-04-22 12:00:00,-0.34657422
2025-04-22 13:00:00,-0.15876228
2025-04-22 14:00:00,0.07148685
2025-04-22 15:00:00,0.36829224
2025-04-22 16:00:00,0.64794946
2025-04-22 17:00:00,0.8376798
2025-04-22 18:00:00,0.862451
2025-04-22 19:00:00,0.70846957
2025-04-22 20:00:00,0.4655674
2025-04-22 21:00:00,0.24708796
2025-04-22 22:00:00,0.057084486
2025-04-22 23:00:00,-0.13215464
2025-04-23 00:00:00,-0.2916995
2025-04-23 01:00:00,-0.37705627
2025-04-23 02:00:00,-0.26908383
2025-04-23 03:00:00,0.017021284
2025-04-23 04:00:00,0.3266728
2025-04-23 05:00:00,0.58909893
2025-04-23 06:00:00,0.73451394
2025-04-23 07:00:00,0.74876887
2025-04-23 08:00:00,0.56942105
2025-04-23 09:00:00,0.33933067
2025-04-23 10:00:00,0.14120862
2025-04-23 11:00:00,-0.030090248
2025-04-23 12:00:00,-0.20361868
2025-04-23 13:00:00,-0.3000827
2025-04-23 14:00:00,-0.15592496
2025-04-23 15:00:00,0.13720454
2025-04-23 16:00:00,0.4887187
2025-04-23 17:00:00,0.8348851
2025-04-23 18:00:00,1.052668
